Завершил,Начал,Носитель,Формат,Тематика,Название,Автор,Оригинал,Оценка,Длина,Год,Рецензия,Ссылка,Язык,Теги
21.12.2014,01.12.2014,Цифр. книга,Книга,Веб-разработка,JavaScript. Оптимизация производительности,Николас Закас,High Performance: JavaScript,5,256 стр.,2012,,,Русский,"Программирование, Веб-разработка, JavaScript, Производительность"
02.12.2014,29.11.2014,Цифр. книга,Книга,Веб-разработка,Совершенный код,Стив Макконнелл,,5,896 стр.,2007,"Комплексная книга, разбираются темы начиная от организации процесса и заканчивая тестированием. Из минусов - книга про серьезное ПО, но практически все можно применить в пограммировании любого уровня",,Русский,"Программирование, Управление, ООП"
26.11.2014,25.11.2014,Цифр. книга,Книга,Саморазвитие,Не набрасывайтесь на мармелад,Хоаким де Посада,,3,112 стр.,2011,Скучная и водянистая,,Русский,"Саморазвитие, Успех, Мармелад"
25.11.2014,24.11.2014,Цифр. книга,Книга,Психология,"Сказать жизни ""Да!"". Психолог в концлагере",Виктор Франкл,... trotzdem Ja zum Leben sagen,5,239 стр.,1998,"Не большая, заставляет задуматься, меняет отношение к жизни.",,Русский,"Психология, Концлагерь, Свобода, Жизнь"
23.11.2014,22.11.2014,Цифр. книга,Книга,Менеджмент,"Мифический человеко-месяц, или Как создаются программные системы",Фредерик П. Брукс,,4,298 стр.,2007,"Если нужно построить процесс разработки крупного ПО, то нужно ее прочитать.",,Русский,"Программирование, Управление, Менеджмент, ПО"
23.11.2014,23.11.2014,Цифр. книга,Книга,Веб-разработка,HTML and CSS: Design and Build Websites,Jon Duckett,,5,514 стр.,2011,"Красивая, хорошо структурированная книжка для дизайнеров которые хотят научится делать сайты а не плакаты. ",,Английский,"Программирование, Веб-разработка, HTML, CSS, Проектирование"
21.11.2014,21.11.2014,Цифр. книга,Книга,Менеджмент,Балдеющие от адреналина и зомбированные шаблонами. Паттерны поведения проектных команд,"Том ДеМарко, Тимоти Листер, Стив Макменамин, Джеймс Робертсон, Сьюзан Робертсон, Питер Хрущка",Adrenaline Junkies and Template Zombies: Understanding Patterns of Project Behavior,4,288 стр.,2010,Очень ужато разбираются паттерны поведения разных команд. 80% касается корпоративной работы. Написано легко и с юморком. Есть доля полезной информации.,,Русский,"Менеджмент, Управление, ПО"
20.11.2014,20.11.2014,Цифр. книга,Книга,Веб-разработка,"CSS. 100 и 1 совет,",Рейчел Эндрю,"The CSS Anthology: 101 Essential Tips, Tricks & Hacks",3,336 стр.,2010,"Такого рода книги быстро устаревают, обучатся лучше онлайн",,Русский,"Веб-разработка, CSS, Советы"
19.11.2014,19.11.2014,Цифр. книга,Книга,Веб-разработка,CSS. Каскадные таблицы стилей. Подробное руководство,Эрик А. Мейер,Cascading Style Sheets: The Definitive Guide,3,576 стр.,2008,"Ничего нового не узнал. Книга - чистый справочник, хотя лучше использовать для этих целей онлайн ресурсы.",,Русский,"Веб-разработка, CSS, Справочник"
16.11.2014,16.11.2014,Цифр. книга,Книга,Веб-разработка,Pro CSS3 Animation,Dudley Storey,,5,178 стр.,2012,,,Английский,"Веб-разработка, CSS, Анимация"
15.11.2014,15.11.2014,Цифр. книга,Книга,Веб-разработка,Веб-приложения на JavaScript,Алекс Маккоу,JavaScript Web Applications,4,288 стр.,2012,"90% книги бесполезные воодные данные, но если бы не качественная информация о хорошей разработке на JQery, поставил бы 2",,Русский,"Веб-разработка, JavaScript, JQuery, Backbone.js, MVC, Архитектура"
12.11.2014,09.11.2014,Цифр. книга,Книга,Веб-разработка,Scalable and Modular Architecture for CSS,Jonathan Snook,,3,112 стр.,2012,,,Английский,"Веб-разработка, CSS, SMACSS, Архитектура"
05.11.2014,30.10.2014,Цифр. книга,Книга,Фэнтези,Ветер ночи,"Василий Владимирский, Карл Вагнер",,4,448 стр.,1996,,,Русский,"Фэнтези, Приключения, Кейн"
30.10.2014,26.10.2014,Цифр. книга,Книга,Фэнтези,Поход Черного Креста,"Василий Владимирский, Карл Вагнер",,5,367 стр.,1996,,,Русский,"Фэнтези, Приключения, Кейн"
26.10.2014,21.10.2014,Цифр. книга,Книга,Фэнтези,Кровавый камень,"Василий Владимирский, Карл Вагнер",,5,480 стр.,1996,,,Русский,"Фэнтези, Приключения, Кейн"
21.10.2014,17.10.2014,Цифр. книга,Книга,Фэнтези,Тень Ангела Смерти,"Василий Владимирский, Карл Вагнер",,4,364 стр.,1996,,,Русский,"Фэнтези, Приключения, Кейн"
17.10.2014,15.10.2014,Цифр. книга,Книга,Фэнтези,Паутина тьмы,"Василий Владимирский, Карл Вагнер",,5,576 стр.,1996,,,Русский,"Фэнтези, Приключения, Кейн"
01.11.2014,14.08.2014,Видео,Курс,Фотография,Fundamentals of Digital Photography,John Greengo,,5,1707 мин.,2013,Лучший курс на данный момент,,Английский,"Фотография, Основы, Все"
24.10.2014,22.10.2014,Цифр. книга,Книга,Веб-разработка,Сюрреализм на JavaScript,Алексей Бахирев,,3,228 стр.,2014,"Книга - набор каких-то заметок и советов по верстке, СЕО, созданию игр. 90% информации мне было уже известно. Я ожидал нормального ввода в разработку игр, но не получил того чего хотелось.",,Русский,"Веб-разработка, JavaScript, Games, Вёрстка"
24.10.2014,22.10.2014,Цифр. книга,Книга,Саморазвитие,Прокачай себя! Научно доказанная система по приобретению и закреплению полезных привычек,"Джон К. Норкросс, Джонатон Норкросс, Кристин Лоберг",,4,336 стр.,2014,,,Русский,"Саморазвитие, Продуктивность, Привычки, Цели"
20.10.2014,10.10.2014,Цифр. книга,Книга,Самурай,Честь самурая: Мастер меча. Книга пяти колец,"Дэвид Чейни, Миямото Мусаси",,3,390 стр.,1993,"Половину книги можно выкинуть, растянуто.",,Русский,"Самурай,  Художественная литература, Роман, Исторический, Приключения, Япония"
10.10.2014,02.10.2014,Цифр. книга,Книга,Наука,Вселенная из ничего,Лоуренс Краусс,,3,152 стр.,2014,"Лучше смотреть научное видео, чем читать такого рода книги",,Русский,"Наука, Космос, Вселенная"
04.10.2014,26.09.2014,Видео,Курс,Веб-разработка,JavaScript. Уровень 3в. Серверное программирование на Node.js,Борисов Игорь Олегович,,5,839 мин.,2014,"Отличный курс, все понятно, но местами затянуто. Хороший старт в Node.js",,Русский,"Специалист, Back-end, Веб-разработка, Node.js"
14.09.2014,04.09.2014,Цифр. книга,Книга,Альтернативная реальность,1984,Джордж Оруэлл,,3,384 стр.,1949,,,Русский,"Художественная литература, Антиутопия, Правительство"
09.08.2014,01.08.2014,Видео,Курс,Веб-разработка,Backbone.js Fundamentals,Liam McLennan ,,3,282 мин.,2012,"Качество видео и подача плохие, материал хороший, все на примерах построено и хорошо структурировано.",http://pluralsight.com/training/courses/TableOfContents?courseName=backbone-fundamentals,Английский,"pluralsight.com, Веб-разработка, Front-end, Framework, JavaScript, Backbone.js"
03.08.2014,02.08.2014,Цифр. книга,Книга,Веб-разработка,DOM Scripting: Web Design with JavaScript and the Document Object Model,"Jeremy Keith, Jeffrey Sambells",,5,345 стр.,2010,Очень хорошее пособие по правильному использованию JS для манипуляций с DOM,,Английский,"Веб-разработка, Front-end, DOM, JavaScript"
22.07.2014,12.07.2014,Цифр. книга,Книга,Здоровье,До смерти здоров. Результат исследования основных идей о здоровом образе жизни,Эй Джей Джейкобс,,3,368 стр.,2013,"Куча воды, не проверенная информация. Мало времени уделяется тестированию всех тех способов стать здоровым.",https://docs.google.com/document/d/1h-vaczm5oa0R9rN-7rQRvCa7FIr_WsXsQtUxFhXbavE/edit,Русский,"Здоровье, Питание, Спорт"
09.07.2014,09.07.2014,Видео,Курс,Веб-разработка,Design and Build Scroll-Based CSS Animations,Gary Simon,,3,150 мин.,2014,Полезной информации 10%,http://courses.tutsplus.com/courses/design-and-build-scroll-based-css-animations,Английский,"tutsplus.com, Веб-разработка, Анимация, CSS"
08.07.2014,08.07.2014,Видео,Курс,Веб-разработка,CSS: Animations,Val Head,,4,116 мин.,2013,"Введение в CSS анимацию, советую мотать.",http://www.lynda.com/CSS-tutorials/CSS-Animations/115434-2.html,Английский,"Lynda.com, Веб-разработка, Анимация, CSS"
07.07.2014,02.04.2014,Цифр. книга,Книга,Саморазвитие,Поток. Психология оптимального переживания,Михай Чиксентмихайи,Flow: The Psychology of Optimal Experience,5,464 стр.,2013,"Фундаментальная книга, которую стоит прочитать в начале своего пути к развитию и жизни.",https://docs.google.com/document/d/1P6QrNqrk76SCOcqQhTlEMiYSDc6g8tfiCjqPVUC9v54/edit,Русский,"Психология, Продуктивность, Саморазвитие, Поток"
02.07.2014,18.06.2014,Видео,Курс,Фотография,Foundations of Photography. Composition,Ben Long,,5,329 мин.,2011,"Хороший курс для начинающих, после него меняется взгляд на фотографию + дается база и понимание куда двигаться дальше.",https://docs.google.com/document/d/1mIP7gugmeZVb2radtZZc_aW3VB3abUPtn3K4AdtAlZI/edit,Английский,"Lynda.com, Фотография, Советы, Уроки, Практика, Постобработка, Композиция"
17.06.2014,16.06.2014,Видео,Курс,Фотография,Travel Photography: Portrait of a City Neighborhood,Mikkel Aaland,,4,79 мин.,2013,,http://www.lynda.com/Photography-Cameras-Gear-tutorials/Travel-Photography-Portrait-City-Neighborhood/129008-2.html,Английский,"Фотография, Путешествия, Советы, Уроки, Постобработка, Практика, Репортажка, Lynda.com"
10.06.2014,06.06.2014,Видео,Курс,Веб-разработка,Perfect Workflow in Sublime Text 2,Jeffrey Way,,5,150 мин.,2012,Повышаем продуктивность в любимом редакторе - лучшие советы кодера,https://courses.tutsplus.com/courses/perfect-workflow-in-sublime-text-2,Английский,"Веб-разработка, ST2, Редактор, Продуктивность"
06.06.2014,06.06.2014,Видео,Курс,Веб-разработка,jQuery UI 101: The Essentials,Dan Wellman,,3,160 мин.,2013,"Не курс, а какая-то презентация JqueryUI. Вся эта инфа берется на главной странице этой библиотеки.",https://courses.tutsplus.com/courses/jquery-ui-101-the-essentials,Английский,"Front-end, JavaScript, Азы, JQuery, JQueryUI"
05.06.2014,05.06.2014,Видео,Курс,Фотография,Product Photography for E-Commerce,"Dane Howard
Lynda.com",,4,106 мин.,2009,"Короткий курс для начинающих, Очень мало новой для меня информации.",http://www.lynda.com/Digital-Photography-tutorials/productphotographyforecommerce/53257-2.html,Английский,"Фотография, Предметка, Интерьеры, Коммерция, Продукция"
??.05.2014,07.04.2014,Видео,Курс,Веб-разработка,30 Days to Learn jQuery,Jeffrey Way,,4,480 мин.,2012,"Практическое обучение, хорошо что делали  пример и показывали в несколько способов как писать и рефакторить свой код",https://courses.tutsplus.com/courses/30-days-to-learn-jquery,Английский,"Front-end, JavaScript, Азы, JQuery"
??.05.2014,??.05.2014,Видео,Курс,Веб-разработка,HTML5: Graphics and Animation with Canvas,Joe Marini,,4,187 мин.,2011,Не понятно для чего использовать и чем это хуже SVG,http://www.lynda.com/HTML-5-tutorials/HTML5-Graphics-and-Animation-with-Canvas/80782-2.html,Английский,"Front-end, HTML, Canvas, HTML"
??.05.2014,??.05.2014,Видео,Курс,Веб-разработка,Shaping up with Angular.js,Gregg Pollack,,5,,2014,Теория + практика в нужных пропорциях - идельный вариант для обучения,https://www.codeschool.com/courses/shaping-up-with-angular-js,Английский,"Front-end, JavaScript, Angular, Азы"
17.02.2014,14.02.2014,Видео,Курс,Веб-разработка,Программирование на JavaScript,Рахим Давлеткалиев,,5,284 мин.,2013,Хорошо объясняются фундаментальные вещи и тонкости языка,https://hexlet.org/course/javascript/,Русский,"Программирование, JavaScript, Тонкости, Front-end"
16.02.2014,16.02.2014,Цифр. книга,Книга,Веб-разработка,"Создаем динамические веб-сайты с помощью PHP, MySQL и JavaScript",Роберт Никсон,"Learning PHP, MySQL, and JavaScript: A Step-By-Step Guide to Creating Dynamic Websites",3,496 стр.,2011,Книга из серии как установить Denver. Подойдет только начинающим. Посмотреть видеокурс специалиста в сто раз эффективнее.,,Русский,"Программирование, Азы, PHP, JavaScript, MySQL"
13.02.2014,10.02.2014,Видео,Курс,Веб-разработка,Lynda.com - JavaScript Essential Training,Simon Allardice,,5,331 мин.,2011,"Есть уроки где учат узкой теме и подробно, а есть где учат целому направлению и поверхностно. Это 2-й вариант. Было как много того что знал, так и совсем новых нюансов.",http://www.lynda.com/JavaScript-tutorials/Essential-Training/81266-2.html,Английский,"Front-end, JavaScript, Азы"
07.02.2014,26.01.2014,Видео,Курс,Веб-разработка,Introduction to JavaScript,codecademy.com,,4,,,"Очень хороший, практический курс, набивает руку на правильный кодинг. Минус - слишком много времени уделяют некоторым разделам, где понятно все с первого раза.",,Английский,"Front-end, JavaScript, Азы"
03.02.2014,01.02.2014,Цифр. книга,Книга,Фотография,Фотография. 100 путей к совершенству,Мишель Бюссель,100 Ways to Take Better Photograhps,3,128 стр.,2004,"Книгу писал КО, причем она для фотографов с пленочной камерой",,Русский,"Фотография, Советы, Работы"
??.02.2014,??.02.2014,Цифр. книга,Книга,Маркетинг,"Искусство объяснять: Как сделать так, чтобы вас понимали с полуслова",Ли Лефевер,,4,264 стр.,2013,"Пролистал. Современная книга которая поможет представить продукт или услугу с крайне понятной позиции. Показалась очень ""водянистой""",,Русский,"Маркетинг, Бизнес, Реклама"
30.01.2014,30.12.2013,Видео,Курс,Веб-разработка,Tools of the Modern Web Developer,Sayanee Basu,,5,242 мин.,,Показаны все инструменты фронтэнд разработчика и краткий обзор возможностей по каждому из них. Обобщает все самостоятельно накопленные знания и дает понимание как это все вместе работает,https://courses.tutsplus.com/courses/tools-of-the-modern-web-developer,Английский,"Front-end, Веб-разработка, Инструменты, Обзор"
28.01.2014,29.12.2013,Цифр. книга,Книга,Фотография,Дао цифровой фотографии. Искусство создавать удачные фотоснимки,Майкл Фриман,,5,192 стр.,2012,"Книга фундаметнальная, учит мыслить как фотограф.
Советую купить бумажную версию, так-как электронную напряжно читать",https://drive.google.com/?authuser=0#folders/0B10-UcWht3mDV2x3c19DemFxODA,Русский,"Фотография, Мышление"
25.01.2014,24.01.2014,Видео,Курс,Фотография,Fundamentals of Photography,David Bode,,4,108 мин.,,"Короткие видеоролики и хорошее изложение, но местами сильно затягивали.",https://courses.tutsplus.com/courses/fundamentals-of-photography,Английский,"Фотография, Азы, Техника"
08.01.2014,30.11.2013,Цифр. книга,Книга,Решение задач,Гениальность на заказ. Легкий способ поиска нестандартных решений и идей,,,5,,,Вся книга посвящена техники фрирайтинга - помогающая с генерацией идей и анализом ситуаций,https://drive.google.com/?authuser=0#folders/0B10-UcWht3mDUzhWRmxMRUEwcGs,Русский,"Фрирайтинг, Техника, Идеи, Анализ"
26.12.2013,16.12.2013,Цифр. книга,Книга,Письмо,"Искусство делового письма. Законы, хитрости, инструменты",,,4, 248 стр.,2011,,https://drive.google.com/?authuser=0#folders/0B10-UcWht3mDakVHREgyandUZms,Русский,"Письмо, Деловой стиль"
22.12.2013,18.12.2013,Цифр. книга,Книга,Веб-разработка,Head First jQuery,Ryan Benedetti,,5,538 стр.,2011,Очень подробно разбираются основы библиотеки и разбираются кейсы. Очень хорошо что много практических задач.,,Английский,"Программирование, JQuery, Front-end"
??.12.2013,??.12.2013,Цифр. книга,Книга,Веб-разработка,Изучаем JavaScript,Майкл Моррисон,Head First JavaScript,5,608 стр.,2012,"Много практики, разбор кейсов",,Русский,"Программирование, JavaScript"
30.11.2013,23.11.2013,Цифр. книга,Книга,Успех,"Сделай себя сам. Советы для тех, кто хочет оставить свой след",Тина Силиг,What I Wish I Knew when I Was 20: A Crash Course on Making Your Place in the World,4, 208 стр.,2013,Много хороших кейсов по генерации идей и нестандартному мышлению.,https://docs.google.com/document/d/1pAxdZDhB-f0sszBdBgMIVkEAXl5kwXgXbp59LiRNPUk/edit?usp=drive_web,Русский,"Психология, Продуктивность, Идея, Предпринимательство, Креатив"
22.11.2013,21.11.2013,Цифр. книга,Книга,Копирайтинг,"Продающее письмо. Как правильно написать рекламное письмо, чтобы привлечь максимальное число клиентов",Дэн Кеннеди,"The Ultimate Sales Letter: Boost Your Sales with Powerful Sales Letters, Based on Madison Avenue Techniques",4,208 стр.,1997,"Дэн взял очень узкую тему и написал простой и понятный учебник по написанию продающих писем. Со своей задачей справился, но 95% информации уже встречалось в других книжках. Читать только новичкам, или же если стоит задача юыстро написать письмо.",https://drive.google.com/?authuser=0#folders/0B10-UcWht3mDLXBXRDQxX09obHc,Русский,"Копирайтинг, Текст, Реклама, Маркетинг, Письма"
20.11.2013,17.11.2013,Цифр. книга,Книга,Продуктивность,Как привести дела в порядок. Искусство продуктивности без стресса ,Дэвид Аллен ,Getting Things Done: The Art of Stress-Free Productivity,4,368 стр.,2002,"Водянистая книга, но в отличии от других книг на эту тематику, автор не ставит в рамки, а даёт основополагающие понятия, а ты уже подстраивай её под себя.",,Русский,"Продуктивность, GTD, Самоорганизация, Управление"
09.11.2013,05.11.2013,Цифр. книга,Книга,Маркетинг,Выжми из бизнеса всё! 200 способов повысить продажи и прибыль ,"Андрей Парабеллум, Николай Мрочковский",,3,192 стр.,2011,"Кто много читает - для того эта книга бестолковая. А для того кто ничего не читает и хочет по быстрому добиться результата - стоящая. Куча ошибок, странная подача, много пиарятся. Ощущения после прочтения - негативные. Привсём этом в книге есть действительно полезная информация.",,Русский,"Бизнес, Реклама, Маркетинг, Продажи, Финансы"
05.11.2013,30.09.2013,Цифр. книга,Книга,Психология,Сила воли. Как развить и укрепить ,Келли Макгонигал ,"The Willpower Instinct: How Self-Control Works, Why It Matters, and What You Can Do to Get More of It",4,312 стр.,2013,"Много воды, перебор с количеством  примеров. Полезная информация уместилась бы на 10-и страницах. Тема очень актуальная и в книге нашёл для себя пару простых приёмов.",,Русский,"Психология, Воля, Саморазвитие"
23.09.2013,03.08.2013,Цифр. книга,Книга,Психология,Как люди думают? ,Дмитрий Чернышев ,,5,304 стр.,2013,"Понятно излагают, актуальнейшая тема, всё по делу, СНГ реалии.",,Русский,"Психология, Идеи, Творчество"
??.09.2013,??.09.2013,Цифр. книга,Книга,История,"Древняя российская история от начала российского народа до кончины великого князя Ярослава первого или до 1054 года. Сочинённая Михайлом Ломоносовым, статским советником, профессором химии и членом санкт-петербургской императорской и королевской шведской академий наук",Ломоносов М.В.,,4,54 стр.,1766,"Ломоносов был Да Винчи своего времени. Интересно прочитать его исторические труды, и уж темболее что большая часть описанного про Киевскую Русь и Киев. Саму книгу читать тяжеловато - написано в старинной манере. В целом было очень интересно, не то что в школе.",,Русский,История
30.08.2013,26.08.2013,Цифр. книга,Книга,Бег,Бегай быстро и без травм ,Пири Гордон ,,4,182 стр.,1996,"Хоть книга и старая, но актуальности своей не лишилась. К советам этого бегуна стоит прислуживаться, ведь у него внушительный опыт и серьёзные награды.",,Русский,"Спорт, Бег, Здоровье, Автобиография, Безопасность"
26.08.2013,25.08.2013,Цифр. книга,Книга,Веб-разработка,Введение в SQL,Мартин Грабер,,5,382 стр.,1992,"Коротко, понятно, много примеров, затронуто всё самое важное.",,Русский,"Программирование, SQL, БД"
16.08.2013,11.06.2013,Цифр. книга,Книга,Бизнес,Атлант расправил плечи,Айн Рэнд,Atlas Shrugged,4,1364 стр.,2011,"Первый том прочёл на одном дыхании, остальные более затянуты и скучны. Если бы убрать из книги романтический текст и сократить весь остальной так, что бы вышел лишь 1-н том, поставил бы 5.

Книга учит жить с установкой - что человек никому ничего не должен, что нужно усердно работать, любить своё дело, несмотря ни на что добиваться поставленных целей и ждать всего что угодно от не знакомых людей и правительства.",,Русский,"Философия, Антиутопия, Бизнес, Капитализм, Роман, Предпринимательство, Мотивация, Общество"
29.07.2013,17.03.2013,Цифр. книга,Книга,Веб-разработка,JavaScript. Подробное руководство,Дэвид Флэнаган,JavaScript: The Definitive Guide,5,992 стр.,2008,"Хороший справочник и шпаргалка для среднего уровня джаваскриптеров. Очень много объяснений для начинающих, но начинать с этой книги я бы не советовал - не очень внятно написано.",,Русский,"Программирование, Веб-разработка, CSS, JQuery, AJAX, SOAP, JSON, JavaScript"
25.07.2013,19.07.2013,Цифр. книга,Книга,Письмо,50 Приемов Письма,Рой Питер Кларк,Writing Tools. 50 Essential Strategies for Every Writer,5,332 стр,2013,Приёмы письма с нормальным обьяснением и примерами.,,Русский,"Копирайтинг, Текст, Журналистика"
22.07.2013,21.07.2013,Цифр. книга,Книга,Море,Старик и море,Эрнест Хемингуэй,The Old Man and the Sea,5,256 стр,1952,"Короткая, впечатляющая и глубокая книжка. Что еще нужно? У автора можно учиться писать захватывающие расказы, которые вовлекают при чтении на все 100% и кажется что это не книгу читаю, а сам нахожусь в гуще событий.",,Русский,"Классика, Жизнь, Художественная литература, Море, Зарубежная литература"
15.07.2013,20.06.2012,Видео,Курс,Веб-разработка,AJAX. Разработка веб - приложений для Web 2.0,Специалист,,5,1440 мин.,2011,"Понятно и очень детально объясняют, подкрепляя важные темы практическими уроками. Много расказывается ньюансов и советов из личного опыта - этого в книгах не найти.",,Русский,"Программирование, AJAX, JavaScript, PHP, XML, SOAP, JSON"
15.07.2013,21.03.2012,Видео,Курс,Английский язык,Полиглот. Выучим английский за 16 часов,Дмитрий Петров,,5,704 мин.,2012,"Очень полезное для тех, у кого не сформировано чёткое представление о языке, а есть лишь знания накопленные из книг и фильмов.
Для экономии времени смотреть нужно только объяснения преподавателя, а болтовню учеников пропускать.",,Русский,
14.07.2013,08.07.2013,Цифр. книга,Книга,Финансы,Самый богатый человек в Вавилоне,Джордж С. Клейсон,The Richest Man in Babylon,5,192 стр.,2007,"Для человека, который ценит своё время советую прочитать конспект - он очень короткий.
Вообще все эти истории поданы как правдивые, которые были написанны на древних дощечках из глины. Слабо в это верится.
Но всёравно в итоге получаем интересные истории + ценную информацию = стоит прочесть целиком (если есть время).
Научит тому, как сохранить и преумножить богатство и быть уверенным в своём будущем.",,Русский,"Саморазвитие, Богатство, Мудрость, Бизнес, Притчи"
08.07.2013,05.07.2013,Цифр. книга,Книга,Копирайтинг,Эффективное коммерческое предложение. Исчерпывающее руководство,Денис Каплунов,,5,272 стр.,2013,"Книга адресована предпринимателям\бизнесменам, что бы научить их составлять эффективные КП. 
80% информации чисто по азам копирайтинга, 10% по специфике КП, 10% о написании писем (Не электронных).
Основной плюс - нету воды.
",,Русский,"КП, Предпринимательство, Текст, Письмо, Директ-маркетинг, Маркетинг"
"??.??.2012
20.06.2013","??.??.2012
16.06.2013",Цифр. книга,Книга,Копирайтинг,Гипнотические рекламные тексты. Как искушать и убеждать клиентов одними словами,Джо Витале,Hypnotic Writing: How to Seduce and Persuade Customers with Only Your Words,5,272 стр.,2006,"Автор учит писать гипнотические рекламные тексты, с помощью которых можно убеждать других людей повлияв на их сознание.
Сама книга написана в гипнотическом стиле, куча примеров которые рассматриваются практически, описано много различных приёмов, подходов, советов. Также автор рекомендует книги, некоторые из которых очень редкие.
В общем – пособие по написанию рекламных текстов с интересными примерами, ходами автора и все это подано в доступной для понимания форме. 
Стоит прочесть",,Русский,"Реклама, Маркетинг, Убеждение, Гипноз"
16.06.2013,26.04.2013,Видео,Курс,Веб-разработка,Module Development for Drupal 7,http://drupalize.me/,,5,371 мин.,2011,Шикарный курс по введению в разработку модулей. После него советую подробно изучить модули examples,http://drupalize.me/series/module-development-drupal-7,Английский,"Веб-разработка, Программирование, PHP, Drupal"
14.06.2013,09.04.2013,Видео,Курс,Веб-разработка,JavaScript. Уровень 2. Расширенные возможности,Специалист,,5,1440 мин.,?,Очень подробно всё расказывают с примерами из личного опыта.,,Русский,"Программирование, Веб-разработка, JavaScript"
08.06.2013,08.06.2013,Цифр. книга,Книга,Веб-разработка,PHP в примерах,Стивен Хольцнер,,3,350 стр.,2007,Слишком короткая для справочника и устаревшая.,,Русский,"Программирование, Веб-разработка, MySQL, PHP"
"??.??.2012
09.06.2013","??.??.2012
09.06.2013",Цифр. книга,Книга,Маркетинг,Buyology: Увлекательное путешествие в мозг современного потребителя,Мартин Линдстром,Buyology: Truth and Lies about Why We Buy,4,240 стр.,2008,"Книга ценная тем, что основывается на практической информации. Много интересных выводов и не только по маркетингу",https://drive.google.com/?authuser=0#folders/0B10-UcWht3mDbEdYTUpQeW9uc0k,Русский,"Реклама, Бизнес,Психология, Торговля, Брендинг"
08.06.2013,26.04.2013,Цифр. книга,Книга,Веб-разработка,Изучаем PHP и MySQL,"Мишель Е. Дэвис, Джон А. Филлипс",Learning PHP and MySQL,4,448 стр.,2006,"Более-менее понятное объяснение для начинающих + полезные темы безопасности. Но всёравно на полноценный учебник не тянет, а на справочник и по давну.",,Русский,"Программирование, Веб-разработка, MySQL, PHP"
01.06.2013,20.05.2013,Цифр. книга,Книга,Презентация,"К выступлению
готов!
Презентационный конструктор",Радислав Гандапас,,5,208 стр.,2011,"Хорошая книга, читать целиком.",https://drive.google.com/?authuser=0#folders/0B10-UcWht3mDZmlCTU9QS2dMM0U,Русский,"Личность, Ораторство, Общение"
"??.??.2012
29.05.2013","??.??.2012
26.05.2013",Цифр. книга,Книга,Копирайтинг,"Копирайтинг. Как не съесть собаку. Создаем тексты, которые продают",http://e-bazz.com/avtory/dmitrii-kot,,5,256 стр.,2012,"Хорошо что автор не тупо взял информацию из зарубежных источников, а вписал очень много со своего личного опыта. Получился такой себе сборник советов.",,Русский,"Маркетинг, Реклама"
25.05.2013,25.05.2013,Сайт,Курс,Веб-разработка,CSS Cross-Country,http://www.codeschool.com/,,5,?,?,,,Английский,"Вёрстка, CSS"
25.05.2013,25.05.2013,Сайт,Курс,Веб-разработка,Functional HTML5 & CSS3,http://www.codeschool.com/,,5,?,?,,,Английский,"Вёрстка, CSS, HTML"
25.05.2013,25.05.2013,Сайт,Курс,Веб-разработка,Journey Into Mobile,http://www.codeschool.com/,,5,?,?,,,Английский,"Вёрстка, Adaptive, Responsive, Mobile, HTML, CSS"
23.05.2013,23.05.2013,Цифр. книга,Книга,Веб-разработка,Сначала мобильные!,Люк Вроблевски,Mobile First,5,176 стр.,2012,"Хорошо раскрыт вопрос мобильных версий сайтов, без вдавания в технические особенности. Про отзывчивый веб-дизайн сказанно очень мало.",,Русский,"Дизайн, Mobile, Responsive, Adaptive, Проектирование"
23.05.2013,23.05.2013,Цифр. книга,Книга,Веб-разработка,"Implementing Responsive Design: Building Sites for an Anywhere, Everywhere Web","Tim Kadlec, Aaron Gustafson",,5,288 стр.,2012,"Подробная книга, в которой со всех сторон рассматривается отзывчивый веб-дизайн, начиная с азов, заканчивая серверной частью и проектированием контента. Нету воды, хорошо свёрстана, много полезной информации. Лучшая в своём классе на момент написания отзыва.",,Английский,"Вёрстка, HTML, CSS, Дизайн, Mobile, Responsive, Adaptive"
"??.??.2012
23.05.2013","??.??.2012
20.05.2013",Цифр. книга,Книга,Копирайтинг,Продающие тексты. Как превратить читателя в покупателя,С. Бернадский,,5,192 стр.,2012,"В книге собрана информация с различных зарубежных источников, хорошо структурирована и подана без воды + приправлена личным опытом и полезными советами. Советую читать целиком.",https://drive.google.com/?usp=chrome_app#folders/0B10-UcWht3mDS2VrOTB0dkk0bFk,Русский,"Маркетинг, Реклама"
20.05.2013,25.04.2013,Цифр. книга,Книга,Цигун,Чжун Юань цигун. Первая ступень восхождения,"Сюи Минтан, Тамара Мартынова",,3,352 стр.,2002,Не нашёл ответы на свои вопросы. Возможно для более знающего человека эта книга будет ценнее. Упражнения криво описаны и без нормальных илюстраций. Заниматься по ней нельзя.,,Русский,"Йога, Медитация, Саморазвитие, Здоровье"
24.04.2013,10.04.2013,Видео,Курс,Веб-разработка,Advanced Theming for Drupal 7 Series,http://drupalize.me/,,5,231 мин.,2011,Отличный курс с множеством практических примеров. Всё понятно.,http://drupalize.me/series/advanced-theming-drupal-7-series,Английский,"Веб-разработка, Программирование, PHP, Темизация, Drupal"
19.04.2013,13.04.2013,Цифр. книга,Книга,Маркетинг,Маркетинг на 100%. Ремикс. Как стать хорошим менеджером по маркетингу,Игорь Манн,,5,384 стр.,2003,Прочитав книгу узнаеш всё самое важное о маркетинге и понимаешь куда двигаться дальше. Еще с книги можно взять очень много идей.,https://drive.google.com/?authuser=0#folders/0B10-UcWht3mDZmpnMXlKMVJlUk0,Русский,"Менеджмент, Продажи, Реклама, Копирайтинг"
17.04.2013,27.03.2013,Цифр. книга,Книга,Копирайтинг,Искусство создания рекламных посланий. Справочник выдающегося американского копирайтера,http://www.mann-ivanov-ferber.ru/authors/josephsugarman/,The Ultimate Guide to Writing Powerful Advertising and Marketing,5,448 стр.,2006,"Одна из лучших книг с грамотным подходом к обучению. Есть всё: теория, практика, жизненный опыт и интересные истории. В основном уклон на печатную рекламу, но описанные техники подходят для любых видов рекламы, где нужно писать текст. Автор очень долго занимается этим делом и описанный в книге опыт собирался на протяжении нескольких десятилетий.
Обязательно к прочтению.",https://drive.google.com/?authuser=0#folders/0B10-UcWht3mDdnM4bll1Mlp3dDg,Русский,"Маркетинг, Реклама, Бизнес"
10.04.2013,04.04.2013,Цифр. книга,Книга,Управление проектами,Джоэл. И снова о программировании,"http://ru.wikipedia.org/wiki/%D0%A1%D0%BF%D0%BE%D0%BB%D1%8C%D1%81%D0%BA%D0%B8,_%D0%94%D0%B6%D0%BE%D1%8D%D0%BB",Joel on Software,5,326 стр.,2008,,https://drive.google.com/?authuser=0#folders/0B10-UcWht3mDSVRqNEtvVFFJaW8,Русский,"Программирование, Мотиватор, Управление, Организация, ПО, Разработка, История, Найм, Microsoft, IBM, Кодирование"
09.04.2013,21.03.2013,Видео,Курс,Веб-разработка,JavaScript. Уровень 1. Основы веб-программирования,Специалист,,5,960 мин.,?,Очень подробно всё расказывают с примерами из личного опыта.,,Русский,"Программирование, Веб-разработка, JavaScript"
08.04.2013,06.04.2013,Цифр. книга,Книга,Бизнес,Rework: Бизнес без предрассудков,"Джейсон Фрайд, Дэвид Хайнемайер Хенссон",Rework,5,208 стр.,2011,"Очень насыщенный сборник советов по бизнесу. В отличии от многих тематических книг, эта написана реально успешной компанией и по этому к их советам можно прислушиваться. Их подход к работе не похож на остаьных, в успех этих принципов никто не верил, но они на своём примере доказали свою правоту.",https://drive.google.com/?authuser=0#folders/0B10-UcWht3mDakRlSFlNMU9yenc,Русский,"ПО, Советы, Менеджмент, Управление, Организация, Истории успеха, Маркетинг"
06.04.2013,03.04.2013,Видео,Курс,Веб-разработка,Theming Basics For Drupal 7 Series,http://drupalize.me/,,3,171 мин.,2011,Ничего нового не узнал. Для совсем зелёных друпалеров. Жутко растянуто и общаются как с отсталым.,http://drupalize.me/videos/introduction-theming-basics-drupal-7,Английский,"Веб-разработка, Программирование, PHP, Темизация, Drupal"
02.04.2013,02.04.2013,Цифр. книга,Книга,Растяжка,Укрепляем суставы,Павел Циуцлин,,4,128 стр.,2010,"Обьясняется что такое укрепление суставов, чем отличается от растяжки, для чего это нужно и как это делается.",,Русский,"Здоровье, Советы, Упражнения, Анатомия, Суставы, Подвижность"
01.04.2013,01.04.2013,Цифр. книга,Книга,Растяжка,Растяжка для каждого,Боб Андерсон,,3,224 стр.,2002,"В сравнении с другими книгами - выглядит как пособие для начинающих по лайтовой растяжке.
Много картинок и ""сборок"" упражнений для разных видов спорта.
Проповедуют релаксовую растяжку без боли.",,Русский,"Здоровье, Советы, Гибкость, Упражнения"
01.04.2013,21.01.2013,Книга,Книга,Веб-разработка,Профессиональная разработка сайтов на Drupal 7,Б. Мелансон и др.,The Definitive Guide to Drupal 7,4,688 стр.,2011,"Книга плохо структурированна, местами из-за плохого перевода невозможно понять о чём речь, встречаются ошибки в коде. 
Неплохо служит в качестве справочника, но информация быстро устаревает.
Советую читать в оригинале.",,Русский,"Веб-разработка, Программирование, PHP, Drush, Справочник, Drupal"
31.03.2013,30.03.2013,Цифр. книга,Книга,Растяжка,Растяжка расслаблением,Павел Циуцлин,,4,56 стр.,,"Короткая но очень полезная книга. Понятно расказывают про принципы и техники растяжки, а также дают пару десятков иллюстрированных и хорошо описаных упражнений ",,Русский,"Здоровье, Советы, Гибкость, Упражнения"
30.03.2013,30.03.2013,Цифр. книга,Книга,Растяжка,Анатомия упражнений на растяжку,"Арнольд Нельсон, Юко Кокконен",Stretching Anatomy,4,160 стр.,2008,"Хорошо иллюстрированное пособие с уклоном в анатомию, обьясняется что делать, как и как часто. Убор на постепенное силовое растягивание.",,Русский,"Здоровье, Советы, Гибкость, Упражнения, Анатомия"
29.03.2013,26.03.2013,Цифр. книга,Книга,Йога,Йога Дипика. Прояснение йоги,"http://ru.wikipedia.org/wiki/%D0%90%D0%B9%D0%B5%D0%BD%D0%B3%D0%B0%D1%80,_%D0%91%D0%B5%D0%BB%D0%BB%D1%83%D1%80_%D0%9A%D1%80%D0%B8%D1%88%D0%BD%D0%B0%D0%BC%D0%B0%D1%87%D0%B0%D1%80_%D0%A1%D1%83%D0%BD%D0%B4%D0%B0%D1%80%D0%B0%D1%80%D0%B0%D0%B4%D0%B6%D0%B0",Yoga Dipika: Light on Yoga,5,496 стр.,1966,"C этой книги нужно начинать изучать йогу. Даётся по нимание о йоге в целом, какая бывает, как построить курс занятий и достичь успеха. Также книга является большим справочником асан, по которому можно заниматься. Даётся много терминов которые сложно запомнить.",,Русский,"Здоровье, Йога, Медицина, Справочник"
26.03.2013,23.03.2013,Цифр. книга,Книга,Саморазвитие,Наедине с собой. Размышления,http://ru.wikipedia.org/wiki/%D0%9C%D0%B0%D1%80%D0%BA_%D0%90%D0%B2%D1%80%D0%B5%D0%BB%D0%B8%D0%B9,,5,224 стр.,170,"Неспешно вникайте в мысли древнего философа и вы сможете всецело ощутить эпоху древнего Рима, которая к большому удивлению мало чем отличается от наших будней.",https://drive.google.com/?authuser=0#folders/0B10-UcWht3mDWEJjU0lITVBkNzg,Русский,"Философия, Стоицизм, Размышления, Мудрость, Классическая литература, Древнегреческая литература, Античная литература"
22.03.2013,18.03.2013,Цифр. книга,Книга,Реклама,Реклама. Научный подход,http://en.wikipedia.org/wiki/Claude_C._Hopkins,Scientific Advertising,5,96 стр.,1923,"Не большая но очень полезная книга, в которой нету воды. Начинать изучение рекламы\копирайтинга нужно менно с неё.",https://drive.google.com/?authuser=0#folders/0B10-UcWht3mDR0VLM19qd3RTa0U,Русский,"Реклама, Маркетинг, Копирайтинг"
22.03.2013,16.03.2013,Цифр. книга,Книга,Тайм-менеджмент,"Как работать по 4 часа в неделю и при этом не торчать в офисе ""от звонка до звонка"", жить где угодно и богатеть","http://ru.wikipedia.org/wiki/%D0%A4%D0%B5%D1%80%D1%80%D0%B8%D1%81%D1%81,_%D0%A2%D0%B8%D0%BC%D0%BE%D1%82%D0%B8","The 4-Hour Workweek: Escape 9-5, Live Anywhere, and Join the New Rich",5,424 стр.,2012,"Книга в основном для тех, кто работает на ""Дядю"", заставляет по другому посмотреть на свою жизнь и подталкивает к действию - жить сейчас а не откладывать на потом.
Весь смысл сводится к минимизации временных затрат на добывание денег но при этом увеличив прибыльность, продуктивность и работая удалённо.
Практически после каждой главы даётся множество рекомендуемых сайтов\литературы.
Часть книги посвящена путешествиям, где автор передаёт свой опыт и делится хитростями\полезностями.


",https://drive.google.com/?authuser=0#folders/0B10-UcWht3mDZVQ3VkdQbXdCLTg,Русский,"Реклама, Бизнес, Маркетинг, Эффективность, Продуктивность, Самоорганизация, Личность, Мотиватор, Советы, Путешествие, Аутсорсинг, Работа, Автоматизация"
16.03.2013,16.03.2013,Цифр. книга,Книга,Веб-разработка,Вёрстка веб-страниц,http://habrahabr.ru/post/26910/F16,,5,378 стр.,2011,"Хорошая книга для начинающих, но полезная будет и более опытным верстальщикам, так как рассказаны важные подробности. Можно её использовать как справочник на ряду с htmlbook.ru.",,Русский,"HTML, CSS, Кроссбраузерность, Тестирование, Отладка, Основы, Начинающий, Adaprive, Responsive, Вёрстка, Кодирование"
15.03.2013,12.03.2013,Цифр. книга,Книга,Управление проектами,Джоэл о программировании,"http://ru.wikipedia.org/wiki/%D0%A1%D0%BF%D0%BE%D0%BB%D1%8C%D1%81%D0%BA%D0%B8,_%D0%94%D0%B6%D0%BE%D1%8D%D0%BB",Joel on Software,5,352 стр.,2004,"Собрана разного рода информация, но в основном это исторические файты из развития IT индустрии тех врёмен и опыт автора, который работал над такими проектами как Excel и Word.
Много полезной информации для менеджеров проектов, о том как организовать работу команды программистов.
Еще книга переносит читателя в ту эпоху, легко читается и местами мотивирует.",https://drive.google.com/?authuser=0#folders/0B10-UcWht3mDQmxqMndSc1laZnc,Русский,"Программирование, Мотиватор, Управление, Организация, ПО, Разработка, История, Найм, Microsoft, IBM, Кодирование"
12.03.2013,12.03.2013,Видео,Фильм,Политика,Пропаганда и псевдодемократия ...,,,4,95 мин.,2013,"Мнение КНДР о США, западных странах, их политике, капитализме и управлении обществом.
Фильм ценен тем, что создавался в другой стране, которая не попадает под влияние запада и таким образом может судить о происходящем со стороны.",,Русский,"Общество, Демократия, Зомбирование, Капитализм, Влияние, Обман, Разоблачение, КНДР"
12.03.2013,12.03.2013,Видео,Сериал,Наука,Во Вселенную со Стивеном Хокингом,"http://ru.wikipedia.org/wiki/%D0%A5%D0%BE%D0%BA%D0%B8%D0%BD%D0%B3,_%D0%A1%D1%82%D0%B8%D0%B2%D0%B5%D0%BD_%D0%A3%D0%B8%D0%BB%D1%8C%D1%8F%D0%BC",Into the Universe With Stephen Hawking,4,173 мин.,2010,,,Русский,"Космос, Вселенная, Инопланетяне, Теория, Время, Пространство, Астрология, Физика"
11.03.2013,??.03.2013,Цифр. книга,Книга,Бизнес,Как плавать среди акул и не быть съеденным заживо,http://en.wikipedia.org/wiki/Harvey_Mackay,Swim with the Sharks without Being Eaten Alive,5,256 стр.,2008,"Просто кладезь знаний начинай на самую различную тематику, начиная от воспитания детей и заканчивая хитростями ведения крупного бизнеса.

P.S. После прочтения я начал разбирать заметки, и был удёвлён таким количеством полезной информации.",https://drive.google.com/?authuser=0#folders/0B10-UcWht3mDQmVkckFrU3RWNE0,Русский,"Реклама, Маркетинг, Психология, Эффективность, Саморазвитие, Продуктивность, Развитие, Самоорганизация, Мотивация, Истории успеха, Лидерство, Личность, Предпринимательство, Убеждение, Общение, Советы, Менеджмент, Управление, Презентация, Расказ, Торговля, Организация, Воспитание, Проекты"
??.??.2013,??.??.2013,Цифр. книга,Книга,Статистика,Черный лебедь. Под знаком непредсказуемости,Нассим Николас Талеб,The Black Swan: The Impact of the Highly Improbable,5,528 стр.,2008,"Местами тяжёлая для понимания, затянутая и скучная, но в целом очень интересная, потому что эта тематика касается многих сфер.
Одна из тех книг, которые на долго запоминаются и в значительной степени влияют на личность.",https://drive.google.com/?authuser=0#folders/0B10-UcWht3mDdzVCYmtrZDAzbHM,Русский,"Эффективность, Личность, Предпринимательство, Жизнь, Личность, Продуктивность, Саморазвитие"
15.09.2012,14.09.2012,В живую,Мероприятие,Веб-разработка,DrupalCamp Kyiv 2012,http://camp12.drupal.ua/,,4,2 дня,2012,"+ Очень насыщенная программа, интересные доклады, дружественная атмосфера.
- Попадаются херовые доклады, 4 потока - на всё важное не успеть, нету видео-записи и даже многих презентаций, мучительная регистрация, не всем места хватало.
",https://drive.google.com/?authuser=0#folders/0B10-UcWht3mDODFIdlRYNnYxVlE,Русский,"Веб-разработка, Программирование, PHP, Drupal"
??.??.2012,??.??.2012,Книга,Книга,Саморазвитие,Десять секретов Счастья. Современная притча о мудрости и счастье,Адам Дж. Джексон,The Secrets of Abundant Happiness: A Modern Parable of Wisdom and Happiness that Will Change Your Life,5,160 стр.,2007,,,Русский,"Мотивация, Философия, Мудрость, Счастье, Притча"
??.??.2012,??.??.2012,Книга,Книга,Саморазвитие,Дао успеха. Пять шагов к счастью,Дерек Лин,The Tao of Success: The Five Ancient Rings of Destiny,5,224 стр.,2011,,,Русский,"Мотивация, Философия, Мудрость, Счастье, Притча"
??.??.2012,??.??.2012,Цифр. книга,Книга,Тайм-менеджмент,Тайм-менеджмент на компьютере. Как управлять своим временем эффективно,Б. Новак,,3,128 стр.,2007,,,Русский,
??.??.2012,??.??.2012,Цифр. книга,Книга,Буддизм,Отчего вы не буддист,http://ru.wikipedia.org/wiki/%D0%9A%D1%85%D1%8C%D0%B5%D0%BD%D1%86%D0%B5_%D0%9D%D0%BE%D1%80%D0%B1%D1%83,What Makes You not a Buddhist,5,192 стр.,2008,,,Русский,"Философия, Буддихм, Мудрость, Мотивация"
??.??.2012,??.??.2012,Цифр. книга,Книга,Интерфейсы,Элементы опыта взаимодействия,http://en.wikipedia.org/wiki/Jesse_James_Garrett,The Elements of User Experience: User-Centered Design for the Web,5,192 стр.,2008,,,Русский,Веб-дизайн
??.??.2012,??.??.2012,Цифр. книга,Книга,Бизнес,И ботаники делают бизнес,Максим Котин,,5,272 стр.,2011,,,Русский,"Биография, Истории успеха, Развитие"
??.??.2012,??.??.2012,Цифр. книга,Книга,Бизнес,К черту всё! Берись и делай!,"http://ru.wikipedia.org/wiki/%D0%91%D1%80%D1%8D%D0%BD%D1%81%D0%BE%D0%BD,_%D0%A0%D0%B8%D1%87%D0%B0%D1%80%D0%B4","Screw It, Let's Do It: Lessons in Life",5,144 стр.,2006,,,Русский,"Биография, Истории успеха, Лидерство, Личность, Психология, Развитие, Эффективность"
??.??.2012,??.??.2012,Цифр. книга,Книга,Саморазвитие,Цельная жизнь. Ключевые навыки для достижения ваших целей,"Лес Хьюитт, Джек Кэнфилд, Марк Виктор Хансен",The Power Of Focus,5,264 стр.,2000,,,Русский,"Бизнес, Психология, Эффективность, Ппродуктивность, Мотивация, Личность"
??.??.2012,??.??.2012,Цифр. книга,Книга,Бизнес,Стартап: 11 мастер-классов от экс-евангелиста Apple и самого дерзкого венчурного капиталиста Кремниевой долины,Гай Кавасаки,"The Art of the Start: The Time-Tested, Battle-Hardened Guide for Anyone Starting Anything",4,256 стр.,2004,,,Русский,"Развитие, Мотивация, Личность, Предпринимательство, Советы, Презентация"
??.??.2012,??.??.2012,Цифр. книга,Книга,Велосипед,Современный велосипед,"Гуревич Илья, Вишневский Аркадий, Разин Юрий",,4,306 стр.,2009,"Если есть желание очень подробно изучить велосипед, можно прочитать эту книгу.",,Русский,"Спорт, Конструкция, Ремонт, Уход"
??.??.2012,??.??.2012,Цифр. книга,Книга,Туризм,Питание в туристическом походе,А.А. Алексеев,,4,134 стр.,?,,,Русский,"Спорт, Питание, Организация"
??.??.2012,??.??.2012,Цифр. книга,Книга,Бизнес,"От хорошего к великому: Почему одни компании совершают прорыв, а другие нет",Джим Коллинз,Good to Great: Why Some Companies Make the Leap… and Others Don't,5,320 стр.,2001,,,Русский,"Эффективность, Истории успеха, Личность, Менеджмент, Управление, Проекты"
??.??.2012,??.??.2012,Цифр. книга,Книга,Веб-разработка,Оптимизация и продвижение сайтов в поисковых системах,"Игорь Ашманов, Андрей Иванов",,4,464 стр.,2011,,,Русский,"Реклама, Продвижение, SEO"
??.??.2012,??.??.2012,Цифр. книга,Книга,Реклама,Огилви о рекламе,Дэвид Огилви,Ogilvy on Advertising,4,240 стр.,1983,"Основная книга для начинающих. Читал её после современных книжек и скорее всего из-за этого такая оценка. Она показалась мне скучной, полной воды и часто неактуальной в наше время. Возможно в дальнейшем стоит еще перечитать.",,Русский,"Бизнес, Маркетинг, Копирайтинг, Менеджмент, Управление, Организация"
??.??.2012,??.??.2012,Цифр. книга,Книга,Бизнес,Обнаженный бизнес,"http://ru.wikipedia.org/wiki/%D0%91%D1%80%D1%8D%D0%BD%D1%81%D0%BE%D0%BD,_%D0%A0%D0%B8%D1%87%D0%B0%D1%80%D0%B4",Business Stripped Bare,4,304 стр.,2010,"После книги ""К чёрту всё. Берись и делай"" показалась очень затянутой и не интересной",,Русский,"Истории успеха, Лидерство, Личность, Мотиватор"
??.??.2012,??.??.2012,Цифр. книга,Книга,Копирайтинг,Настольная книга копирайтера,Элина Слободянюк,,3,252 стр.,2008,"В книге собрана общая информация для быстрого старта в ремесло копирайтинга, с большим количеством примеров, цитат и с упоминанием украинского опыта и реалий. 

Начинал Копирайтинг именно с этой книги и пожалел время, потраченое на неё. Нужно быть осторожным выбирая современные книги, народ любит парить херню.",,Русский,"Реклама, Маркетинг, Нейминг"
??.??.2012,??.??.2012,Цифр. книга,Книга,Велосипед,Мастерство езды на маунтинбайке,"Брайан Лопес, Ли Маккормак",Mastering Mountain Bike Skills,5,352 стр.,2010,"Классная книга, понятные иллюстрации, доходчиво объясняется. Мотивирует на катание",,Русский,"Cпорт, Техника езды, Маунтинбайк"
??.??.2012,??.??.2012,Цифр. книга,Книга,Бизнес,Клиенты на всю жизнь,"Карл Сьюэлл, Пол Браун",Customers for Life,5,240 стр.,2002,"Топовая книга, для тех, кто хочет строить свой бизнес полностью клиенториентированным",,Русский,"Маркетинг, Истории успеха, Менеджмент"
??.??.2012,??.??.2012,Цифр. книга,Книга,Продвижение,Инструкции и правила по начальной раскрутке сайта в Сети,Юрий Закревский,,3,37 стр.,?,Прочитать и выкинуть. На 37 страниц нормально тему не раскрыть,,Русский,"Реклама, SEO"
??.??.2012,??.??.2012,Цифр. книга,Книга,Бизнес,Доставляя счастье. От нуля до миллиарда. История создания выдающейся компании из первых рук,Тони Шей,"Delivering Happiness: A Path to Profits, Passion, and Purpose",5,304 стр.,2010,"В книге рассказывается история бизнес деятельности автора начиная от разведения червей до компании Zappos с годовым доходом 1 миллиард  долларов.
Особое внимание уделяется  построению уникальной корпоративной культуры и клиент-ориентированного подхода. Без этого Zappos была бы очередным интернет-магазином, а не выдающейся компанией.
Чем-то книга напоминает «К чёрту все! Берись и делай!» Ричарда Брэнсона, похожий стиль и откровенность.
В общем – увлекательная история построения бизнеса разбавленная весёлыми жизненными ситуациями и полезными советами.  Мотивирует, учит, развлекает. 
Стоит прочесть.",,Русский,"Истории успеха, Предпринимательство, Мотиватор, Zappos"
??.??.2012,??.??.2012,Цифр. книга,Книга,SEO,SEO Монстр 2013. Секретное руководство SEO оптимизаторов,"DrMax, sNOa",,5,313 стр.,2012,"Толковая книга, много полезной информации. Начинать изучение можно с неё. +она всегда обновляется.",,Русский,"Продвижение, Реклама"
??.??.2012,??.??.2012,Цифр. книга,Книга,Менеджмент,iПрезентация,Кармин Галло,The Presentation Secrets of Steve Jobs: How to Be Insanely Great in Front of Any Audience,5,224 стр.,2009,Отличное обучающее пособие,,Русский,"Бизнес, Убеждение, Презентация, Стив Джобс, Apple"
??.??.2012,??.??.2012,Цифр. книга,Книга,Йога,10 основных дыхательных упражнений йоги,"Ирина Медведева, Александр Медведев",,2,32 стр.,2007,Читайте книги признанных йогов а не эту деревню,,Русский,"Здоровье, Дыхательные упражнения"
??.??.2012,??.??.2012,Цифр. книга,Книга,Веб-разработка,«SEO: Поисковая Оптимизация от А до Я» - «Средний уровень»,И. Иванов,,5,1347 стр.,?,"Избранная информация с популярного SEO форума, часто обновляется. Хоть на первый взгляд структурированность книги кажется ужасной, но она создана для поглощения информации. Читается очень быстро. Если забыл что такое SEO, то просмотри эту книгу.",,Русский,"Реклама, Продвижение, SEO"
??.??.2012,??.??.2012,Цифр. книга,Книга,Веб-разработка,«SEO: Поисковая Оптимизация от А до Я» - «Продвинутый уровень»,И. Иванов,,5,1569 стр.,?,"Избранная информация с популярного SEO форума, часто обновляется. Хоть на первый взгляд структурированность книги кажется ужасной, но она создана для поглощения информации. Читается очень быстро. Если забыл что такое SEO, то просмотри эту книгу.",,Русский,"Реклама, Продвижение, SEO"
??.??.2012,??.??.2012,Цифр. книга,Книга,Веб-разработка,«SEO: Поисковая Оптимизация от А до Я» - «Основы»,И. Иванов,,5,1345 стр.,?,"Избранная информация с популярного SEO форума, часто обновляется. Хоть на первый взгляд структурированность книги кажется ужасной, но она создана для поглощения информации. Читается очень быстро. Если забыл что такое SEO, то просмотри эту книгу.",,Русский,"Реклама, Продвижение, SEO"
??.??.2012,??.??.2012,Цифр. книга,Книга,Психология,Психология влияния,Роберт Чалдини,Influence: Science and Practice,5,336 стр.,2001,"Страшная книга в руках менеджеров, политиков и других людей, чья профессия связана с необходимостью склонять людей к нужному действию или бездействию. В ней описаны приемы, которые подробно рассматриваются на многих примерах, расказывается об интересных опытах, приводится разного рода статистика и реальные факты. Также книга подойдет любому человеку, который  хочет защитится от подобного рода воздействия, так как в книге описаны методы выявления и противодействия к каждому рассматриваемому приему.
Написано все понятным языком, без научных терминов, но для меня было слишком много воды.
Большинство примеров нашел для себя знакомыми, вспомнил аналогичные ситуации произошедшие со мной в прошлом и переосмыслил их.
После прочтения открывается другой взгляд на жизнь в сиоциуме, появляется умение определять когда на тебя пытаются повлиять и умение противодействовать этому. Также книга приучила выявлять и анализировать другие, не описанные в книге, методы влияния. Точно могу сказать, что после этой книги Вы будете совершенно по другому себя вести во многих ситуациях.",,Русский,"Реклама, Бизнес, Маркетинг, Убеждение, Общение"
??.??.2012,??.??.2012,Цифр. книга,Книга,Спорт,Питание для выносливости,Эллен Колеман,Eating for Endurance,5,192 стр.,2003,,,Русский,"Здоровье, Питание, Выносливость"
??.??.2012,??.??.2012,Цифр. книга,Книга,Веб-разработка,Отзывчивый веб-дизайн,Итан Маркотт,Responsive Web Design,4,277 стр.,2011,Полезна для начального понимания что и как работает. Погуглите на эту тему и за один час будете знать о всём что написано в этой книге.,,Русский,"Вёрстка, HTML, CSS, Дизайн, Mobile, Responsive, Adaptive, Веб-разработка"
??.??.2012,??.??.2012,Цифр. книга,Книга,Копирайтинг,Основы контентной стратегии,Эрин Киссейн,The Elements of Content Strategy,4,63 стр.,2010,,,Русский,"Реклама, Маркетинг,Веб-разработка, Вёрстка, Дизайн, Mobile, Контент, Копирайтинг"
??.??.2012,??.??.2012,Цифр. книга,Книга,Веб-разработка,Ташков Веб-мастеринг на 100% 2010,Пётр Ташков,,3,512 стр.,2010,"Годится для начинающих, расказывается обо всём но по немногу. Профессиональные разработчики утверждают что книга полна ошибок.",,Русский,"Программирование, PHP, HTML, CSS, JavaScript, Продвижение, AJAX, CMS, Азы, Веб-разработка"
??.??.2012,??.??.2012,Видео,Курс,Веб-разработка,"
Introduction to Drupal SEO",http://drupalize.me/,,4,294 мин.,?,"Много не актуальной для жителей СНГ информации, поверхносный обхор модулей. Полезно для начинающих. Плохо что показано на примере устаревшего Drupal 6.",http://drupalize.me/videos/introduction-drupal-seo,Английский,"Веб-разработка, Программирование, PHP, SEO, Drupal"
??.??.2012,??.??.2012,Видео,Фильм,Политика,Разменная монета,Дилан Эйвери,911 - Loose change,4,82 мин.,2006,Весь фильм строится на анализе огромного количество материалов и сопоставления более правдивой картины о произошедшем. Очень убедительно.,http://www.kinopoisk.ru/film/419875/,Русский,"Общество, Демократия, Капитализм, Влияние, Обман, Террризм"
??.??.2012,??.??.2012,Видео,Сериал,История,Искажение истории  - как метод управления сознанием,Алексей Кунгуров,,3,173 мин.,2012,"Поискав в интернете можно наткнуться на статьи, где историк ии реконструкторы открыто смеются и опровергают доводы автора. На пример: 

http://mreen.org/volnyy-klinok/statya-recenziya-na-dokfilm-alekseya-kungurova-iskazhenie-istorii-chast-1-dospehi-1-4.html
",,Русский,"Древние цивилизации, Исследование, Путешествие"
??.??.2012,??.??.2012,Видео,Сериал,История,Запретные темы истории,,,4,1047 мин.,2004 +,"Русские исследователи путешествуют по миру в поисках остатков древних цивилизаций.
Уникальные кадры на обычную камеру, которые в других передачах не увидишь, интересные теории выдвигаемые прямо на месте, не стандартное мышление.",http://lah.ru/mast/zth.htm,Русский,"Древние цивилизации, Исследование, Путешествие"
??.??.2012,??.??.2012,Видео,Фильм,Йога,Индийские йоги. Кто они?,Альмар Серебреников,,4,49 мин.,1971,,http://ru.wikipedia.org/wiki/%D0%98%D0%BD%D0%B4%D0%B8%D0%B9%D1%81%D0%BA%D0%B8%D0%B5_%D0%B9%D0%BE%D0%B3%D0%B8_%E2%80%94_%D0%BA%D1%82%D0%BE_%D0%BE%D0%BD%D0%B8%3F,Русский,"Здоровье, Тело, Растяжка, Исследокание"
??.??.2012,??.??.2012,Видео,Сериал,Природа, Китовые войны,,Whale Wars,2,?,2007 +,"Очень скучно и до безобразия затянуто. Денег потратили на это шоу не мало. Но всёже ихнее дело бравое, пусть продолжают, а выручку с сериала пускают в нужное русло.",,Русский,"Животные, Защита, Шоу, Киты"
??.??.2012,??.??.2012,Видео,Сериал,Человек,BBC: Разум человека,"Диана Хилл, Джоанна Гиббон, Ник Мерфи",The Human Mind,4,150 мин.,2003,"Познавательная информация, но сам фильм затянут",,Русский,"Мозг, Психология, Исследование"
??.??.2012,??.??.2012,Видео,Фильм,Питание,Без обмана. Чашка бодрости,Екатерина Игнатьева,,4,40 мин.,2013,"Важная тематика, начигаешь осозновать что так дела обстоят не только с кофе, а и с любым другим продуктом. Начинаешь задумываться при виде продуктов на прилавке.",,Русский,"Здоровье, Жизнь, Опасность, Исследование, Кофе, Россия, Обман"
??.??.2012,??.??.2012,Видео,Лекция,Политика,Информационная война,Тим Керби,,4,105 мин.,2013,"Меняет мышление, заинтересовало тематикой. Еще один слой защиты против влияния СМИ на моё сознание.
Всегда спрашивай: Почему?",,Русский,"Общество, Демократия, Политика, Социум, Зомбирование, Капитализм, Влияние, Обман, Разоблачение"
??.??.2012,??.??.2012,Видео,Фильм,Питание,Без обмана. Сладкий ужас,Илья Рендаков,,4,39 мин.,2012,,,Русский,"Здоровье, Жизнь, Опасность, Исследование, Сладкое, Россия, Обман"
??.??.2012,??.??.2012,Цифр. книга,Книга,Маркетинг,ZMOT: Завоевание нулевого момента истины,http://www.linkedin.com/in/jimlecinski,ZMOT: Winning The Zero Moment Of Truth,5,74 стр.,2011,"Коротко и интересно описано про Нулевой момент истины – дополнительная сфера влияния на решение клиента совершить покупку. Интересно оформлено и хорошо структурированно. Собраны мнения представителей различных крупных контор, куча примеров, статистики и исследований.
В книге хватает воды, и все описаное - реалии Америки.",https://drive.google.com/?authuser=0#folders/0B10-UcWht3mDWTFrSTlQUm1DSWc,Русский,"Реклама, Копирайтинг, Интернет, Исследование, Америка"